<?xml version="1.0" encoding="UTF-8"?>
<project-private xmlns="http://www.netbeans.org/ns/project-private/1">
    <editor-bookmarks xmlns="http://www.netbeans.org/ns/editor-bookmarks/2" lastBookmarkId="0"/>
    <open-files xmlns="http://www.netbeans.org/ns/projectui-open-files/2">
        <group>
            <file>file:/Users/user/Desktop/time_table_generator_ref/AI_Project/src/ai_project/Module.java</file>
            <file>file:/Users/user/Desktop/time_table_generator_ref/AI_Project/src/ai_project/Room.java</file>
            <file>file:/Users/user/Desktop/time_table_generator_ref/AI_Project/src/ai_project/Class.java</file>
            <file>file:/Users/user/Desktop/time_table_generator_ref/AI_Project/src/ai_project/Individual.java</file>
            <file>file:/Users/user/Desktop/time_table_generator_ref/AI_Project/src/ai_project/Population.java</file>
            <file>file:/Users/user/Desktop/time_table_generator_ref/AI_Project/src/ai_project/Timetable.java</file>
            <file>file:/Users/user/Desktop/time_table_generator_ref/AI_Project/src/ai_project/Professor.java</file>
            <file>file:/Users/user/Desktop/time_table_generator_ref/AI_Project/src/ai_project/Timeslot.java</file>
            <file>file:/Users/user/Desktop/time_table_generator_ref/AI_Project/src/ai_project/GeneticAlgorithm.java</file>
            <file>file:/Users/user/Desktop/time_table_generator_ref/AI_Project/src/ai_project/AI_Project.java</file>
            <file>file:/Users/user/Desktop/time_table_generator_ref/AI_Project/src/ai_project/Group.java</file>
        </group>
    </open-files>
</project-private>
